"Company Name ","Symbol ","Sector ","Sub-Sector ","Listing Date ","Listing Board "
"8990 Holdings, Inc. Series B Perpetual Preferred Shares",8990B,PROPERTY,PROPERTY,2021/02/10,Main Board
"8990 Holdings, Inc. Series A Perpetual Preferred Shares",8990P,PROPERTY,PROPERTY,2017/12/01,Main Board
"Asia Amalgamated Holdings Corporation",AAA,HOLDING FIRMS,HOLDING FIRMS,1973/03/22,Main Board
"Atok-Big Wedge Co., Inc.",AB,MINING & OIL,MINING,1948/01/08,Main Board
"AbaCore Capital Holdings, Inc.",ABA,HOLDING FIRMS,HOLDING FIRMS,1987/10/28,Main Board
"Asiabest Group International Inc.",ABG,HOLDING FIRMS,HOLDING FIRMS,1979/07/10,Main Board
"ABS-CBN Corporation",ABS,SERVICES,MEDIA,1992/07/08,Main Board
"ABS-CBN Holdings Corporation - Philippine Deposit Receipts",ABSP,SERVICES,MEDIA,1999/10/07,Main Board
"Ayala Corporation",AC,HOLDING FIRMS,HOLDING FIRMS,1976/11/08,Main Board
"Acesite (Phils.) Hotel Corporation",ACE,SERVICES,HOTEL & LEISURE,1986/12/05,Main Board
"ACEN CORPORATION",ACEN,INDUSTRIAL,ELEC., ENERGY, POWER & WATER,1970/01/05,Main Board
"ACEN Corporation Perpetual Series A Preferred Shares",ACENA,INDUSTRIAL,ELEC., ENERGY, POWER & WATER,2023/09/01,Main Board
"ACEN Corporation Perpetual Series B Preferred Shares",ACENB,INDUSTRIAL,ELEC., ENERGY, POWER & WATER,2023/09/01,Main Board
"Ayala Corporation Preferred Class ``A`` Shares",ACPA,HOLDING FIRMS,HOLDING FIRMS,2008/11/25,Main Board
"Ayala Corporation Non-Voting Perpetual Preferred A Shares",ACPAR,HOLDING FIRMS,HOLDING FIRMS,2023/05/29,Main Board
"Ayala Corporation Class ``B`` Series 1 Preferred Shares",ACPB1,HOLDING FIRMS,HOLDING FIRMS,2006/07/21,Main Board
"Ayala Corporation Class ``B`` Series 3 Preferred Shares",ACPB3,HOLDING FIRMS,HOLDING FIRMS,2024/10/15,Main Board
"Alsons Consolidated Resources, Inc.",ACR,INDUSTRIAL,ELEC., ENERGY, POWER & WATER,1993/04/12,Main Board
"Aboitiz Equity Ventures, Inc.",AEV,HOLDING FIRMS,HOLDING FIRMS,1994/11/16,Main Board
"Alliance Global Group, Inc.",AGI,HOLDING FIRMS,HOLDING FIRMS,1999/04/19,Main Board
"Arthaland Corporation",ALCO,PROPERTY,PROPERTY,1996/03/19,Main Board
"Arthaland Corporation Series "B" Perpetual Preferred Shares",,,,2016/12/06,Main Board
"Arthaland Corporation Series "C" Perpetual Preferred Shares",,,,2019/06/27,Main Board
"Arthaland Corporation Series ``D`` Preferred Shares",ALCPD,PROPERTY,PROPERTY,2021/12/03,Main Board
"Anchor Land Holdings, Inc.",ALHI,PROPERTY,PROPERTY,2007/08/08,Main Board
"Ayala Land, Inc.",ALI,PROPERTY,PROPERTY,1991/07/05,Main Board
"AllDay Marts, Inc.",ALLDY,SERVICES,RETAIL,2021/11/03,Main Board
"AyalaLand Logistics Holdings Corp.",ALLHC,PROPERTY,PROPERTY,1990/02/28,Main Board
"Alternergy Holdings Corporation",ALTER,INDUSTRIAL,ELEC., ENERGY, POWER & WATER,2023/03/24,Main Board
"Alternergy Holdings Corporation Preferred Shares 2 – Series A",ALTP2,INDUSTRIAL,ELEC., ENERGY, POWER & WATER,2024/03/22,Main Board
"AgriNurture, Inc.",ANI,INDUSTRIAL,FOOD, BEVERAGE & TOBACCO,2009/05/25,Main Board
"A. Soriano Corporation",ANS,HOLDING FIRMS,HOLDING FIRMS,1973/10/25,Main Board
"Aboitiz Power Corporation",AP,INDUSTRIAL,ELEC., ENERGY, POWER & WATER,2007/07/16,Main Board
"Ayala Corporation Class ``B`` Series 2 Preferred Shares",APB2R,HOLDING FIRMS,HOLDING FIRMS,2019/11/29,Main Board
"APC Group, Inc.",APC,SERVICES,OTHER SERVICES,1994/03/08,Main Board
"Apollo Global Capital, Inc.",APL,SERVICES,INFORMATION TECHNOLOGY,2012/10/18,Main Board
"Anglo Philippine Holdings Corporation",APO,HOLDING FIRMS,HOLDING FIRMS,1959/07/31,Main Board
"Altus Property Ventures, Inc.",APVI,PROPERTY,PROPERTY,2020/06/26,Main Board
"Apex Mining Co., Inc.",APX,MINING & OIL,MINING,1974/03/07,Main Board
"Abra Mining & Industrial Corporation",AR,MINING & OIL,MINING,1969/12/24,Main Board
"Araneta Properties, Inc.",ARA,PROPERTY,PROPERTY,1989/11/14,Main Board
"AREIT, Inc.",AREIT,PROPERTY,PROPERTY,2020/08/13,Main Board
"Raslag Corp.",ASLAG,INDUSTRIAL,ELEC., ENERGY, POWER & WATER,2022/06/06,Main Board
"Atlas Consolidated Mining and Development Corporation",AT,MINING & OIL,MINING,1970/11/17,Main Board
"Asian Terminals, Inc.",ATI,SERVICES,TRANSPORTATION SERVICES,1996/01/25,Main Board
"ATN Holdings, Inc. ``A``",ATN,HOLDING FIRMS,HOLDING FIRMS,1970/09/24,Main Board
"ATN Holdings, Inc. ``B``",ATNB,HOLDING FIRMS,HOLDING FIRMS,1970/09/24,Main Board
"Asia United Bank Corporation",AUB,FINANCIALS,BANKS,2013/05/17,Main Board
"Axelum Resources Corp.",AXLM,INDUSTRIAL,FOOD, BEVERAGE & TOBACCO,2019/10/07,Main Board
"Balai Ni Fruitas Inc.",BALAI,SME,SME,2022/06/30,SME Board
"Benguet Corporation ``A``",BC,MINING & OIL,MINING,1950/01/04,Main Board
"Benguet Corporation ``B``",BCB,MINING & OIL,MINING,1950/01/04,Main Board
"Berjaya Philippines, Inc.",BCOR,SERVICES,RETAIL,1948/11/29,Main Board
"Benguet Corporation - 8% Cumulative Convertible Preferred A",BCP,MINING & OIL,MINING,1974/05/29,Main Board
"BDO Unibank, Inc.",BDO,FINANCIALS,BANKS,2002/05/21,Main Board
"Belle Corporation",BEL,SERVICES,CASINOS & GAMING,1977/02/02,Main Board
"BHI Holdings, Inc.",BH,HOLDING FIRMS,HOLDING FIRMS,1966/11/02,Main Board
"Boulevard Holdings, Inc.",BHI,SERVICES,HOTEL & LEISURE,1997/04/28,Main Board
"Bright Kindle Resources & Investments Inc.",BKR,FINANCIALS,OTHER FINANCIAL INSTITUTIONS,1995/03/21,Main Board
"Bloomberry Resorts Corporation",BLOOM,SERVICES,CASINOS & GAMING,2000/10/17,Main Board
"Bogo-Medellin Milling Co., Inc.",BMM,INDUSTRIAL,FOOD, BEVERAGE & TOBACCO,1950/11/16,Main Board
"Bank of Commerce",BNCOM,FINANCIALS,BANKS,2022/03/31,Main Board
"Bank of the Philippine Islands",BPI,FINANCIALS,BANKS,1971/10/12,Main Board
"A Brown Company, Inc.",BRN,PROPERTY,PROPERTY,1994/02/08,Main Board
"A Brown Company, Inc. Series A Preferred Shares",BRNP,PROPERTY,PROPERTY,2021/11/29,Main Board
"A Brown Company, Inc. Series B Preferred Shares",BRNPB,PROPERTY,PROPERTY,2024/02/23,Main Board
"A Brown Company, Inc. Series C Preferred Shares",BRNPC,PROPERTY,PROPERTY,2024/02/23,Main Board
"Basic Energy Corporation",BSC,INDUSTRIAL,ELEC., ENERGY, POWER & WATER,1973/10/16,Main Board
"Chelsea Logistics and Infrastructure Holdings Corp.",C,SERVICES,TRANSPORTATION SERVICES,2017/08/08,Main Board
"Concrete Aggregates Corp. ``A``",CA,INDUSTRIAL,CONSTRUCTION, INFR. & ALLIED,1972/10/20,Main Board
"Concrete Aggregates Corp. ``B``",CAB,INDUSTRIAL,CONSTRUCTION, INFR. & ALLIED,1973/04/02,Main Board
"Central Azucarera de Tarlac, Inc.",CAT,INDUSTRIAL,FOOD, BEVERAGE & TOBACCO,1977/04/12,Main Board
"China Banking Corporation",CBC,FINANCIALS,BANKS,1927/09/01,Main Board
"Cityland Development Corporation",CDC,PROPERTY,PROPERTY,1983/08/02,Main Board
"Cebu Air, Inc.",CEB,SERVICES,TRANSPORTATION SERVICES,2010/10/26,Main Board
"Cebu Air, Inc. Convertible Preferred Shares",CEBCP,SERVICES,TRANSPORTATION SERVICES,2021/03/29,Main Board
"Crown Equities, Inc.",CEI,PROPERTY,PROPERTY,1994/08/16,Main Board
"Centro Escolar University",CEU,SERVICES,EDUCATION,1986/11/10,Main Board
"Cemex Holdings Philippines, Inc.",CHP,INDUSTRIAL,CONSTRUCTION, INFR. & ALLIED,2016/07/18,Main Board
"Concepcion Industrial Corporation",CIC,INDUSTRIAL,ELECTRICAL COMPONENTS & EQUIP.,2013/11/27,Main Board
"Cebu Landmasters, Inc.",CLI,PROPERTY,PROPERTY,2017/06/02,Main Board
"Cebu Landmasters, Inc. Series A-1 Preferred Shares",CLIA1,PROPERTY,PROPERTY,2024/04/12,Main Board
"Cebu Landmasters, Inc. Series A-2 Preferred Shares",CLIA2,PROPERTY,PROPERTY,2024/04/12,Main Board
"Century Pacific Food, Inc.",CNPF,INDUSTRIAL,FOOD, BEVERAGE & TOBACCO,2014/05/06,Main Board
"Converge Information and Communications Technology Solutions, Inc.",CNVRG,SERVICES,INFORMATION TECHNOLOGY,2020/10/26,Main Board
"Coal Asia Holdings Incorporated",COAL,MINING & OIL,MINING,2012/10/23,Main Board
"COL Financial Group, Inc.",COL,FINANCIALS,OTHER FINANCIAL INSTITUTIONS,2006/07/12,Main Board
"Cosco Capital, Inc.",COSCO,HOLDING FIRMS,HOLDING FIRMS,1988/09/26,Main Board
"Century Properties Group Inc.",CPG,PROPERTY,PROPERTY,1976/06/16,Main Board
"Century Properties Group Inc. Preferred A Shares",CPGP,PROPERTY,PROPERTY,2020/01/10,Main Board
"Century Properties Group, Inc. Preferred B Shares",CPGPB,PROPERTY,PROPERTY,2024/02/22,Main Board
"Century Peak Holdings Corporation",CPM,MINING & OIL,MINING,2009/10/06,Main Board
"Citicore Renewable Energy Corporation",CREC,INDUSTRIAL,ELEC., ENERGY, POWER & WATER,2024/06/07,Main Board
"Citicore Energy REIT Corp.",CREIT,PROPERTY,PROPERTY,2022/02/22,Main Board
"Crown Asia Chemicals Corporation",CROWN,INDUSTRIAL,CHEMICALS,2015/04/27,Main Board
"Citystate Savings Bank, Inc.",CSB,FINANCIALS,BANKS,2002/01/03,Main Board
"CTS Global Equity Group, Inc.",CTS,SME,SME,2022/04/13,SME Board
"Cyber Bay Corporation",CYBR,PROPERTY,PROPERTY,1991/03/19,Main Board
"DoubleDragon Corporation",DD,PROPERTY,PROPERTY,2014/04/07,Main Board
"DDMP REIT, Inc.",DDMPR,PROPERTY,PROPERTY,2021/03/24,Main Board
"DoubleDragon Properties Corp. Preferred Shares",DDPR,PROPERTY,PROPERTY,2016/07/26,Main Board
"Del Monte Pacific Limited",DELM,INDUSTRIAL,FOOD, BEVERAGE & TOBACCO,2013/06/10,Main Board
"DFNN, Inc.",DFNN,SERVICES,INFORMATION TECHNOLOGY,2000/10/30,Main Board
"Dominion Holdings, Inc.",DHI,FINANCIALS,OTHER FINANCIAL INSTITUTIONS,1997/01/06,Main Board
"DITO CME Holdings Corp.",DITO,SERVICES,INFORMATION TECHNOLOGY,1975/10/01,Main Board
"Dizon Copper-Silver Mines, Inc.",DIZ,MINING & OIL,MINING,1988/02/10,Main Board
"DMCI Holdings, Inc.",DMC,HOLDING FIRMS,HOLDING FIRMS,1995/12/18,Main Board
"DMCI Holdings, Inc. - Cumulative Convertible Preferred",DMCP,HOLDING FIRMS,HOLDING FIRMS,1997/04/07,Main Board
"Del Monte Pacific Limited U.S. Dollar-Denominated Series A-1 Preference Shares",DMPA1,INDUSTRIAL,FOOD, BEVERAGE & TOBACCO,2017/04/07,Main Board
"Del Monte Pacific Limited U.S. Dollar-Denominated Series A-2 Preference Shares",DMPA2,INDUSTRIAL,FOOD, BEVERAGE & TOBACCO,2017/12/15,Main Board
"D.M. Wenceslao & Associates, Incorporated",DMW,PROPERTY,PROPERTY,2018/06/29,Main Board
"Philab Holdings Corp.",DNA,SME,SME,2009/09/03,SME Board
"D&L Industries, Inc.",DNL,INDUSTRIAL,FOOD, BEVERAGE & TOBACCO,2012/12/12,Main Board
"PLDT INC. -USD",DTEL,SERVICES,TELECOMMUNICATIONS,2003/07/16,Main Board
"Discovery World Corporation",DWC,SERVICES,HOTEL & LEISURE,2013/11/21,Main Board
"Easycall Communications Philippines, Inc.",ECP,SERVICES,OTHER SERVICES,1992/05/05,Main Board
"East Coast Vulcan Mining Corporation",ECVC,INDUSTRIAL,CONSTRUCTION, INFR. & ALLIED,1970/08/31,Main Board
"EEI Corporation",EEI,INDUSTRIAL,CONSTRUCTION, INFR. & ALLIED,1975/07/21,Main Board
"EEI Corporation Series A Preferred Shares",EEIPA,INDUSTRIAL,CONSTRUCTION, INFR. & ALLIED,2021/12/23,Main Board
"EEI Corporation Series B Preferred Shares",EEIPB,INDUSTRIAL,CONSTRUCTION, INFR. & ALLIED,2021/12/23,Main Board
"IP E-Game Ventures, Inc.",EG,SERVICES,CASINOS & GAMING,2010/02/17,Main Board
"Empire East Land Holdings, Inc.",ELI,PROPERTY,PROPERTY,1996/06/28,Main Board
"Emperador Inc.",EMI,INDUSTRIAL,FOOD, BEVERAGE & TOBACCO,2011/12/19,Main Board
"ENEX Energy Corp.",ENEX,MINING & OIL,OIL,2014/08/28,Main Board
"Euro-Med Laboratories Phil., Inc.",EURO,INDUSTRIAL,CHEMICALS,1998/07/02,Main Board
"Ever-Gotesco Resources and Holdings, Inc.",EVER,PROPERTY,PROPERTY,1996/09/16,Main Board
"East West Banking Corporation",EW,FINANCIALS,BANKS,2012/05/07,Main Board
"First Abacus Financial Holdings Corp.",FAF,FINANCIALS,OTHER FINANCIAL INSTITUTIONS,1994/11/17,Main Board
"San Miguel Food and Beverage, Inc.",FB,INDUSTRIAL,FOOD, BEVERAGE & TOBACCO,1971/10/28,Main Board
"San Miguel Food and Beverage, Inc. - Preferred",FBP,INDUSTRIAL,FOOD, BEVERAGE & TOBACCO,2011/03/03,Main Board
"San Miguel Food and Beverage, Inc. Perpetual Preferred Shares Series ``2``",FBP2,INDUSTRIAL,FOOD, BEVERAGE & TOBACCO,2015/03/12,Main Board
"Figaro Coffee Group, Inc.",FCG,INDUSTRIAL,FOOD, BEVERAGE & TOBACCO,2022/01/24,Main Board
"Filinvest Development Corporation",FDC,HOLDING FIRMS,HOLDING FIRMS,1982/12/22,Main Board
"Ferronoux Holdings, Inc.",FERRO,FINANCIALS,OTHER FINANCIAL INSTITUTIONS,2013/08/13,Main Board
"Far Eastern University, Incorporated",FEU,SERVICES,EDUCATION,1986/07/11,Main Board
"Filipino Fund, Inc.",FFI,FINANCIALS,OTHER FINANCIAL INSTITUTIONS,1995/09/27,Main Board
"First Gen Corporation",FGEN,INDUSTRIAL,ELEC., ENERGY, POWER & WATER,2006/02/10,Main Board
"First Gen Corporation Series ``G`` Preferred Shares",FGENG,INDUSTRIAL,ELEC., ENERGY, POWER & WATER,2012/05/17,Main Board
"Filinvest REIT Corp.",FILRT,PROPERTY,PROPERTY,2021/08/12,Main Board
"F&J Prince Holdings Corporation ``A``",FJP,HOLDING FIRMS,HOLDING FIRMS,1982/12/08,Main Board
"F&J Prince Holdings Corporation ``B``",FJPB,HOLDING FIRMS,HOLDING FIRMS,1982/12/08,Main Board
"Filinvest Land, Inc.",FLI,PROPERTY,PROPERTY,1993/10/25,Main Board
"First Metro Philippine Equity Exchange Traded Fund, Inc.",FMETF,ETF,ETF-EQUITY,2013/12/02,Main Board
"Global Ferronickel Holdings, Inc.",FNI,MINING & OIL,MINING,1994/12/14,Main Board
"Alliance Select Foods International, Inc.",FOOD,INDUSTRIAL,FOOD, BEVERAGE & TOBACCO,2006/11/08,Main Board
"First Philippine Holdings Corporation",FPH,INDUSTRIAL,ELEC., ENERGY, POWER & WATER,1963/05/23,Main Board
"Forum Pacific, Inc.",FPI,HOLDING FIRMS,HOLDING FIRMS,1994/12/19,Main Board
"Fruitas Holdings, Inc.",FRUIT,INDUSTRIAL,FOOD, BEVERAGE & TOBACCO,2019/11/29,Main Board
"Filsyn Corporation ``A``",FYN,INDUSTRIAL,OTHER INDUSTRIALS,1975/06/03,Main Board
"Filsyn Corporation ``B``",FYNB,INDUSTRIAL,OTHER INDUSTRIALS,1975/06/03,Main Board
"GEOGRACE Resources Philippines, Inc.",GEO,MINING & OIL,MINING,1972/02/07,Main Board
"Global-Estate Resorts, Inc.",GERI,PROPERTY,PROPERTY,1995/11/23,Main Board
"Globe Telecom, Inc.",GLO,SERVICES,TELECOMMUNICATIONS,1975/08/11,Main Board
"Globe Telecom, Inc. Series A Voting Perpetual Preferred Shares",GLOPA,SERVICES,TELECOMMUNICATIONS,2001/06/29,Main Board
"Globe Telecom, Inc. Series A Non-Voting Perpetual Preferred Shares",GLOPP,SERVICES,TELECOMMUNICATIONS,2014/08/22,Main Board
"GMA Network, Inc.",GMA7,SERVICES,MEDIA,2007/07/30,Main Board
"GMA Holdings, Inc. - Philippine Deposit Receipts",GMAP,SERVICES,MEDIA,2007/07/30,Main Board
"Grand Plaza Hotel Corporation",GPH,SERVICES,HOTEL & LEISURE,1992/12/10,Main Board
"Greenergy Holdings Incorporated",GREEN,INDUSTRIAL,ELECTRICAL COMPONENTS & EQUIP.,1996/09/26,Main Board
"Ginebra San Miguel, Inc.",GSMI,INDUSTRIAL,FOOD, BEVERAGE & TOBACCO,1995/04/18,Main Board
"GT Capital Holdings, Inc.",GTCAP,HOLDING FIRMS,HOLDING FIRMS,2012/04/20,Main Board
"GT Capital Holdings, Inc. Non-Voting Perpetual Preferred Shares Series ``A``",GTPPA,HOLDING FIRMS,HOLDING FIRMS,2016/10/27,Main Board
"GT Capital Holdings, Inc. Non-Voting Perpetual Preferred Shares Series ``B``",GTPPB,HOLDING FIRMS,HOLDING FIRMS,2016/10/27,Main Board
"House of Investments, Inc.",HI,HOLDING FIRMS,HOLDING FIRMS,1962/07/02,Main Board
"AllHome Corp.",HOME,SERVICES,RETAIL,2019/10/10,Main Board
"8990 Holdings, Inc.",HOUSE,PROPERTY,PROPERTY,2010/12/09,Main Board
"Haus Talk, Inc.",HTI,SME,SME,2022/01/17,SME Board
"Golden MV Holdings, Inc.",HVN,PROPERTY,PROPERTY,2016/06/29,Main Board
"I-Remit, Inc.",I,FINANCIALS,OTHER FINANCIAL INSTITUTIONS,2007/10/17,Main Board
"International Container Terminal Services, Inc.",ICT,SERVICES,TRANSPORTATION SERVICES,1992/03/23,Main Board
"Italpinas Development Corporation",IDC,SME,SME,2015/12/07,SME Board
"Integrated Micro-Electronics, Inc.",IMI,INDUSTRIAL,ELECTRICAL COMPONENTS & EQUIP.,2010/01/21,Main Board
"Imperial Resources, Inc.",IMP,SERVICES,INFORMATION TECHNOLOGY,1970/08/31,Main Board
"Philippine Infradev Holdings Inc.",INFRA,PROPERTY,PROPERTY,1978/02/27,Main Board
"Ionics, Inc.",ION,INDUSTRIAL,ELECTRICAL COMPONENTS & EQUIP.,1995/07/18,Main Board
"IPM Holdings, Inc.",IPM,SERVICES,OTHER SERVICES,1998/06/17,Main Board
"iPeople, Inc.",IPO,SERVICES,EDUCATION,1990/01/24,Main Board
"Island Information & Technology, Inc.",IS,SERVICES,INFORMATION TECHNOLOGY,1988/12/06,Main Board
"Jackstones, Inc.",JAS,SERVICES,INFORMATION TECHNOLOGY,1967/10/27,Main Board
"Jollibee Foods Corporation",JFC,INDUSTRIAL,FOOD, BEVERAGE & TOBACCO,1993/07/14,Main Board
"Jollibee Foods Corporation Non-Voting Perpetual Series A Preferred Shares",JFCPA,INDUSTRIAL,FOOD, BEVERAGE & TOBACCO,2021/10/14,Main Board
"Jollibee Foods Corporation Non-Voting Perpetual Series B Preferred Shares",JFCPB,INDUSTRIAL,FOOD, BEVERAGE & TOBACCO,2021/10/14,Main Board
"JG Summit Holdings, Inc.",JGS,HOLDING FIRMS,HOLDING FIRMS,1993/08/09,Main Board
"Jolliville Holdings Corporation",JOH,INDUSTRIAL,ELEC., ENERGY, POWER & WATER,2002/06/17,Main Board
"The Keepers Holdings, Inc.",KEEPR,INDUSTRIAL,FOOD, BEVERAGE & TOBACCO,1991/09/03,Main Board
"Keppel Philippines Properties, Inc.",KEP,PROPERTY,PROPERTY,1989/09/11,Main Board
"Keppel Philippines Holdings, Inc. ``A``",KPH,HOLDING FIRMS,HOLDING FIRMS,1987/08/26,Main Board
"Keppel Philippines Holdings, Inc. ``B``",KPHB,HOLDING FIRMS,HOLDING FIRMS,1987/08/26,Main Board
"Kepwealth Property Phils., Inc.",KPPI,SME,SME,2019/08/19,SME Board
"City & Land Developers, Incorporated",LAND,PROPERTY,PROPERTY,1999/12/13,Main Board
"LBC Express Holdings, Inc.",LBC,SERVICES,TRANSPORTATION SERVICES,2001/12/21,Main Board
"Lepanto Consolidated Mining Company ``A``",LC,MINING & OIL,MINING,1947/04/30,Main Board
"Lepanto Consolidated Mining Company ``B``",LCB,MINING & OIL,MINING,1947/04/30,Main Board
"Liberty Flour Mills, Inc.",LFM,INDUSTRIAL,FOOD, BEVERAGE & TOBACCO,1985/04/25,Main Board
"LMG Corp.",LMG,INDUSTRIAL,CHEMICALS,1986/01/07,Main Board
"Lodestar Investment Holdings Corporation",LODE,HOLDING FIRMS,HOLDING FIRMS,1989/05/26,Main Board
"Pacific Online Systems Corporation",LOTO,SERVICES,CASINOS & GAMING,2007/04/12,Main Board
"LFM Properties Corporation",LPC,SME,SME,2022/11/09,SME Board
"Lopez Holdings Corporation",LPZ,HOLDING FIRMS,HOLDING FIRMS,1993/11/25,Main Board
"Lorenzo Shipping Corporation",LSC,SERVICES,TRANSPORTATION SERVICES,1996/07/22,Main Board
"LT Group, Inc.",LTG,HOLDING FIRMS,HOLDING FIRMS,1947/11/07,Main Board
"Manila Mining Corporation ``A``",MA,MINING & OIL,MINING,1959/12/17,Main Board
"Manila Mining Corporation ``B``",MAB,MINING & OIL,MINING,1959/12/17,Main Board
"MacroAsia Corporation",MAC,SERVICES,TRANSPORTATION SERVICES,1970/05/21,Main Board
"Macay Holdings, Inc.",MACAY,INDUSTRIAL,FOOD, BEVERAGE & TOBACCO,1987/01/28,Main Board
"Metro Alliance Holdings & Equities Corp. ``A``",MAH,SERVICES,TRANSPORTATION SERVICES,1947/12/08,Main Board
"Metro Alliance Holdings & Equities Corp. ``B``",MAHB,SERVICES,TRANSPORTATION SERVICES,1947/12/08,Main Board
"Marcventures Holdings, Inc.",MARC,MINING & OIL,MINING,1958/01/10,Main Board
"Max`s Group, Inc.",MAXS,INDUSTRIAL,FOOD, BEVERAGE & TOBACCO,2000/12/15,Main Board
"Manila Bulletin Publishing Corporation",MB,SERVICES,MEDIA,1990/04/18,Main Board
"Manila Broadcasting Company",MBC,SERVICES,MEDIA,1949/10/08,Main Board
"Metropolitan Bank & Trust Company",MBT,FINANCIALS,BANKS,1981/02/26,Main Board
"Medco Holdings, Inc.",MED,FINANCIALS,OTHER FINANCIAL INSTITUTIONS,1975/11/18,Main Board
"Medilines Distributors Incorporated",MEDIC,SERVICES,OTHER SERVICES,2021/12/07,Main Board
"Megaworld Corporation",MEG,PROPERTY,PROPERTY,1994/06/15,Main Board
"Manila Electric Company",MER,INDUSTRIAL,ELEC., ENERGY, POWER & WATER,1992/01/08,Main Board
"Manulife Financial Corporation",MFC,FINANCIALS,OTHER FINANCIAL INSTITUTIONS,1999/09/27,Main Board
"Makati Finance Corporation",MFIN,SME,SME,2003/01/06,SME Board
"Millennium Global Holdings, Inc.",MG,INDUSTRIAL,FOOD, BEVERAGE & TOBACCO,1976/03/01,Main Board
"Metro Global Holdings Corporation",MGH,HOLDING FIRMS,HOLDING FIRMS,1964/05/04,Main Board
"Mabuhay Holdings Corporation",MHC,HOLDING FIRMS,HOLDING FIRMS,1990/10/22,Main Board
"Manila Jockey Club, Inc.",MJC,SERVICES,CASINOS & GAMING,1963/10/11,Main Board
"MJC Investments Corporation",MJIC,SERVICES,CASINOS & GAMING,1955/11/11,Main Board
"MerryMart Consumer Corp.",MM,SME,SME,2020/06/15,SME Board
"Monde Nissin Corporation",MONDE,INDUSTRIAL,FOOD, BEVERAGE & TOBACCO,2021/06/01,Main Board
"MRC Allied, Inc.",MRC,PROPERTY,PROPERTY,1995/05/18,Main Board
"MREIT, Inc.",MREIT,PROPERTY,PROPERTY,2021/10/01,Main Board
"Metro Retail Stores Group, Inc.",MRSGI,SERVICES,RETAIL,2015/11/24,Main Board
"Mabuhay Vinyl Corporation",MVC,INDUSTRIAL,CHEMICALS,1997/02/05,Main Board
"Manila Water Company, Inc.",MWC,INDUSTRIAL,ELEC., ENERGY, POWER & WATER,2005/03/18,Main Board
"Megawide Construction Corporation",MWIDE,INDUSTRIAL,CONSTRUCTION, INFR. & ALLIED,2011/02/18,Main Board
"Megawide Construction Corporation Perpetual Preferred Shares",MWP,INDUSTRIAL,CONSTRUCTION, INFR. & ALLIED,2014/12/03,Main Board
"Megawide Construction Corporation Non-Voting Perpetual Series 2 Preferred Shares - Subseries ``2A``",MWP2A,INDUSTRIAL,CONSTRUCTION, INFR. & ALLIED,2020/11/27,Main Board
"Megawide Construction Corporation Non-Voting Perpetual Series 2 Preferred Shares - Subseries ``2B``",MWP2B,INDUSTRIAL,CONSTRUCTION, INFR. & ALLIED,2020/11/27,Main Board
"Megawide Construction Corporation Non-Voting Perpetual Series 4 Preferred Shares",MWP4,INDUSTRIAL,CONSTRUCTION, INFR. & ALLIED,2021/10/29,Main Board
"Megawide Construction Corporation Non-Voting Perpetual Series 5 Preferred Shares",MWP5,INDUSTRIAL,CONSTRUCTION, INFR. & ALLIED,2023/04/17,Main Board
"NiHAO Mineral Resources International, Inc.",NI,MINING & OIL,MINING,1990/10/03,Main Board
"Nickel Asia Corporation",NIKL,MINING & OIL,MINING,2010/11/22,Main Board
"Now Corporation",NOW,SERVICES,INFORMATION TECHNOLOGY,2003/07/23,Main Board
"National Reinsurance Corporation of the Philippines",NRCP,FINANCIALS,OTHER FINANCIAL INSTITUTIONS,2007/04/27,Main Board
"NextGenesis Corporation",NXGEN,FINANCIALS,BANKS,1996/10/08,Main Board
"OceanaGold (Philippines), Inc.",OGP,MINING & OIL,MINING,2024/05/13,Main Board
"Omico Corporation",OM,PROPERTY,PROPERTY,1969/05/02,Main Board
"Oriental Petroleum and Minerals Corporation ``A``",OPM,MINING & OIL,OIL,1970/10/14,Main Board
"Oriental Petroleum and Minerals Corporation ``B``",OPMB,MINING & OIL,OIL,1970/10/14,Main Board
"Oriental Peninsula Resources Group, Inc.",ORE,MINING & OIL,MINING,2007/12/19,Main Board
"The Philodrill Corporation",OV,MINING & OIL,OIL,1969/09/25,Main Board
"Pacifica Holdings, Inc.",PA,HOLDING FIRMS,HOLDING FIRMS,1959/11/23,Main Board
"PAL Holdings, Inc.",PAL,SERVICES,TRANSPORTATION SERVICES,1954/01/04,Main Board
"Paxys, Inc.",PAX,SERVICES,OTHER SERVICES,1972/10/05,Main Board
"Philippine Business Bank, Inc., A Savings Bank",PBB,FINANCIALS,BANKS,2013/02/19,Main Board
"Philippine Bank of Communications",PBC,FINANCIALS,BANKS,1988/05/12,Main Board
"Petron Corporation",PCOR,INDUSTRIAL,ELEC., ENERGY, POWER & WATER,1994/09/07,Main Board
"PetroEnergy Resources Corporation",PERC,INDUSTRIAL,ELEC., ENERGY, POWER & WATER,2004/08/11,Main Board
"Puregold Price Club, Inc.",PGOLD,SERVICES,RETAIL,2011/10/05,Main Board
"Premiere Horizon Alliance Corporation",PHA,SERVICES,OTHER SERVICES,1997/05/05,Main Board
"Philcomsat Holdings Corporation",PHC,SERVICES,OTHER SERVICES,1958/11/28,Main Board
"Philippine Estates Corporation",PHES,PROPERTY,PROPERTY,1985/01/21,Main Board
"Phinma Corporation",PHN,INDUSTRIAL,CONSTRUCTION, INFR. & ALLIED,1958/08/18,Main Board
"PH Resorts Group Holdings, Inc.",PHR,SERVICES,CASINOS & GAMING,2011/11/24,Main Board
"Shakey`s Pizza Asia Ventures Inc.",PIZZA,INDUSTRIAL,FOOD, BEVERAGE & TOBACCO,2016/12/15,Main Board
"DigiPlus Interactive Corp.",PLUS,SERVICES,CASINOS & GAMING,1958/04/17,Main Board
"Panasonic Manufacturing Philippines Corporation",PMPC,INDUSTRIAL,ELECTRICAL COMPONENTS & EQUIP.,1983/01/21,Main Board
"Philippine National Bank",PNB,FINANCIALS,BANKS,1989/06/21,Main Board
"Philippine National Construction Corporation",PNC,INDUSTRIAL,CONSTRUCTION, INFR. & ALLIED,1974/03/13,Main Board
"P-H-O-E-N-I-X PETROLEUM PHILIPPINES, INC.",PNX,INDUSTRIAL,ELEC., ENERGY, POWER & WATER,2007/07/11,Main Board
"P-H-O-E-N-I-X PETROLEUM PHILIPPINES, INC. Non-Voting Perpetual - Series ``3A`` Preferred Shares",PNX3A,INDUSTRIAL,ELEC., ENERGY, POWER & WATER,2015/12/18,Main Board
"P-H-O-E-N-I-X PETROLEUM PHILIPPINES, INC. Non-Voting Perpetual - Series ``3B`` Preferred Shares",PNX3B,INDUSTRIAL,ELEC., ENERGY, POWER & WATER,2015/12/18,Main Board
"P-H-O-E-N-I-X PETROLEUM PHILIPPINES, INC. Non-Voting Perpetual Preferred Shares Series ``4``",PNX4,INDUSTRIAL,ELEC., ENERGY, POWER & WATER,2019/11/07,Main Board
"P-H-O-E-N-I-X PETROLEUM PHILIPPINES, INC. Non-Voting Perpetual Preferred Shares",PNXP,INDUSTRIAL,ELEC., ENERGY, POWER & WATER,2015/01/08,Main Board
"Globalport 900, Inc.",PORT,SERVICES,TRANSPORTATION SERVICES,1948/06/09,Main Board
"Pryce Corporation",PPC,INDUSTRIAL,CHEMICALS,1991/10/29,Main Board
"Philippine Racing Club, Inc.",PRC,SERVICES,CASINOS & GAMING,1952/03/02,Main Board
"Premiere Island Power REIT Corporation",PREIT,PROPERTY,PROPERTY,2022/12/15,Main Board
"Petron Corporation Perpetual Preferred Shares Series ``2`` -Subseries ``2A``",PRF2A,INDUSTRIAL,ELEC., ENERGY, POWER & WATER,2014/11/03,Main Board
"Petron Corporation Perpetual Preferred Shares Series ``2`` -Subseries ``2B``",PRF2B,INDUSTRIAL,ELEC., ENERGY, POWER & WATER,2014/11/03,Main Board
"Petron Corporation Perpetual Preferred Shares Series ``3`` -Subseries ``3A``",PRF3A,INDUSTRIAL,ELEC., ENERGY, POWER & WATER,2019/06/25,Main Board
"Petron Corporation Perpetual Preferred Shares Series ``3`` -Subseries ``3B``",PRF3B,INDUSTRIAL,ELEC., ENERGY, POWER & WATER,2019/06/25,Main Board
"Petron Corporation Non-Voting Perpetual Series 4A Preferred Shares",PRF4A,INDUSTRIAL,ELEC., ENERGY, POWER & WATER,2023/07/07,Main Board
"Petron Corporation Non-Voting Perpetual Series 4B Preferred Shares",PRF4B,INDUSTRIAL,ELEC., ENERGY, POWER & WATER,2023/07/07,Main Board
"Petron Corporation Non-Voting Perpetual Series 4C Preferred Shares",PRF4C,INDUSTRIAL,ELEC., ENERGY, POWER & WATER,2023/07/07,Main Board
"Petron Corporation Non-Voting Perpetual Series 4D Preferred Shares",PRF4D,INDUSTRIAL,ELEC., ENERGY, POWER & WATER,2024/09/23,Main Board
"Petron Corporation Non-Voting Perpetual Series 4E Preferred Shares",PRF4E,INDUSTRIAL,ELEC., ENERGY, POWER & WATER,2024/09/23,Main Board
"Prime Media Holdings, Inc.",PRIM,HOLDING FIRMS,HOLDING FIRMS,1964/07/29,Main Board
"Primex Corporation",PRMX,PROPERTY,PROPERTY,2001/08/10,Main Board
"Philippine Savings Bank",PSB,FINANCIALS,BANKS,1994/10/10,Main Board
"The Philippine Stock Exchange, Inc.",PSE,FINANCIALS,OTHER FINANCIAL INSTITUTIONS,2003/12/15,Main Board
"Philippine Trust Company",PTC,FINANCIALS,BANKS,1988/02/17,Main Board
"PT&T Corp.",PTT,SERVICES,TELECOMMUNICATIONS,1990/01/10,Main Board
"Philex Mining Corporation",PX,MINING & OIL,MINING,1956/11/23,Main Board
"PXP Energy Corporation",PXP,MINING & OIL,OIL,2011/09/12,Main Board
"Rizal Commercial Banking Corporation",RCB,FINANCIALS,BANKS,1986/11/06,Main Board
"Roxas and Company, Inc.",RCI,INDUSTRIAL,FOOD, BEVERAGE & TOBACCO,1948/11/29,Main Board
"RL Commercial REIT, Inc.",RCR,PROPERTY,PROPERTY,2021/09/14,Main Board
"Repower Energy Development Corporation",REDC,INDUSTRIAL,ELEC., ENERGY, POWER & WATER,2023/07/24,Main Board
"Republic Glass Holdings Corporation",REG,HOLDING FIRMS,HOLDING FIRMS,1959/07/17,Main Board
"RFM Corporation",RFM,INDUSTRIAL,FOOD, BEVERAGE & TOBACCO,1966/02/21,Main Board
"Robinsons Land Corporation",RLC,PROPERTY,PROPERTY,1989/10/16,Main Board
"Philippine Realty and Holdings Corporation",RLT,PROPERTY,PROPERTY,1987/09/07,Main Board
"Rockwell Land Corporation",ROCK,PROPERTY,PROPERTY,2012/05/11,Main Board
"Roxas Holdings, Inc.",ROX,INDUSTRIAL,FOOD, BEVERAGE & TOBACCO,1996/08/08,Main Board
"Robinsons Retail Holdings, Inc.",RRHI,SERVICES,RETAIL,2013/11/11,Main Board
"SBS Philippines Corporation",SBS,SERVICES,OTHER SERVICES,2015/08/10,Main Board
"Semirara Mining and Power Corporation",SCC,INDUSTRIAL,ELEC., ENERGY, POWER & WATER,1983/11/28,Main Board
"Security Bank Corporation",SECB,FINANCIALS,BANKS,1995/06/08,Main Board
"Philippine Seven Corporation",SEVN,SERVICES,RETAIL,1998/02/04,Main Board
"Swift Foods, Inc.",SFI,INDUSTRIAL,FOOD, BEVERAGE & TOBACCO,1994/11/15,Main Board
"Swift Foods, Inc. Convertible Preferred",SFIP,INDUSTRIAL,FOOD, BEVERAGE & TOBACCO,2000/03/17,Main Board
"Solid Group, Inc.",SGI,HOLDING FIRMS,HOLDING FIRMS,1948/04/26,Main Board
"Synergy Grid & Development Phils., Inc.",SGP,INDUSTRIAL,ELEC., ENERGY, POWER & WATER,1972/05/10,Main Board
"Shell Pilipinas Corporation",SHLPH,INDUSTRIAL,ELEC., ENERGY, POWER & WATER,2016/11/03,Main Board
"Shang Properties, Inc.",SHNG,PROPERTY,PROPERTY,1991/06/13,Main Board
"Sun Life Financial Inc.",SLF,FINANCIALS,OTHER FINANCIAL INSTITUTIONS,2000/03/24,Main Board
"Sta. Lucia Land, Inc.",SLI,PROPERTY,PROPERTY,1987/09/14,Main Board
"SM Investments Corporation",SM,HOLDING FIRMS,HOLDING FIRMS,2005/03/22,Main Board
"San Miguel Corporation",SMC,HOLDING FIRMS,HOLDING FIRMS,1948/11/05,Main Board
"San Miguel Corporation Series ``2`` Preferred Shares - Subseries ``2-A``",SMC2A,HOLDING FIRMS,HOLDING FIRMS,2012/09/28,Main Board
"San Miguel Corporation Series ``2`` Preferred Shares - Subseries ``2-B``",SMC2B,HOLDING FIRMS,HOLDING FIRMS,2012/09/28,Main Board
"San Miguel Corporation Series ``2`` Preferred Shares - Subseries ``2-C``",SMC2C,HOLDING FIRMS,HOLDING FIRMS,2012/09/28,Main Board
"San Miguel Corporation Series ``2`` Preferred Shares - Subseries ``2-D``",SMC2D,HOLDING FIRMS,HOLDING FIRMS,2015/09/21,Main Board
"San Miguel Corporation Series ``2`` Preferred Shares - Subseries ``2-E``",SMC2E,HOLDING FIRMS,HOLDING FIRMS,2015/09/21,Main Board
"San Miguel Corporation Series ``2`` Preferred Shares - Subseries ``2-F``",SMC2F,HOLDING FIRMS,HOLDING FIRMS,2015/09/21,Main Board
"San Miguel Corporation Series ``2`` Preferred Shares - Subseries ``2-G``",SMC2G,HOLDING FIRMS,HOLDING FIRMS,2016/03/30,Main Board
"San Miguel Corporation Series ``2`` Preferred Shares - Subseries ``2-H``",SMC2H,HOLDING FIRMS,HOLDING FIRMS,2016/03/30,Main Board
"San Miguel Corporation Series ``2`` Preferred Shares - Subseries ``2-I``",SMC2I,HOLDING FIRMS,HOLDING FIRMS,2016/03/30,Main Board
"San Miguel Corporation Series ``2`` Preferred Shares - Subseries ``2-J``",SMC2J,HOLDING FIRMS,HOLDING FIRMS,2020/10/29,Main Board
"San Miguel Corporation Series ``2`` Preferred Shares - Subseries ``2-K``",SMC2K,HOLDING FIRMS,HOLDING FIRMS,2020/12/10,Main Board
"San Miguel Corporation Series 2 Preferred Shares – Subseries ``2L``",SMC2L,HOLDING FIRMS,HOLDING FIRMS,2023/12/01,Main Board
"San Miguel Corporation Series ``2`` Preferred Shares - Subseries ``2-M``",SMC2M,HOLDING FIRMS,HOLDING FIRMS,2023/08/29,Main Board
"San Miguel Corporation Series 2 Preferred Shares – Subseries ``2N``",SMC2N,HOLDING FIRMS,HOLDING FIRMS,2023/12/01,Main Board
"San Miguel Corporation Series 2 Preferred Shares – Subseries ``2O``",SMC2O,HOLDING FIRMS,HOLDING FIRMS,2023/12/01,Main Board
"San Miguel Corporation - Preferred Series ``1``",SMCP1,HOLDING FIRMS,HOLDING FIRMS,2010/12/08,Main Board
"SM Prime Holdings, Inc.",SMPH,PROPERTY,PROPERTY,1994/07/05,Main Board
"SOCResources, Inc.",SOC,PROPERTY,PROPERTY,1994/01/05,Main Board
"SPC Power Corporation",SPC,INDUSTRIAL,ELEC., ENERGY, POWER & WATER,2002/04/02,Main Board
"Seafront Resources Corporation",SPM,HOLDING FIRMS,HOLDING FIRMS,1974/05/07,Main Board
"SP New Energy Corporation",SPNEC,INDUSTRIAL,ELEC., ENERGY, POWER & WATER,2021/12/17,Main Board
"Supercity Realty Development Corporation",SRDC,INDUSTRIAL,CONSTRUCTION, INFR. & ALLIED,2003/12/19,Main Board
"SSI Group, Inc.",SSI,SERVICES,RETAIL,2014/11/07,Main Board
"SFA Semicon Philippines Corporation",SSP,INDUSTRIAL,ELECTRICAL COMPONENTS & EQUIP.,2014/12/01,Main Board
"STI Education Systems Holdings, Inc.",STI,SERVICES,EDUCATION,1976/10/12,Main Board
"Steniel Manufacturing Corporation",STN,INDUSTRIAL,OTHER INDUSTRIALS,1993/11/22,Main Board
"Vistamalls, Inc.",STR,PROPERTY,PROPERTY,1970/11/17,Main Board
"Suntrust Resort Holdings, Inc.",SUN,PROPERTY,PROPERTY,1959/02/11,Main Board
"TKC Metals Corporation",T,INDUSTRIAL,CONSTRUCTION, INFR. & ALLIED,2001/07/20,Main Board
"Transpacific Broadband Group Int`l. Inc.",TBGI,SERVICES,INFORMATION TECHNOLOGY,2003/12/12,Main Board
"Cirtek Holdings Philippines Corporation Preferred B-2 Subseries ``A`` Shares",TCB2A,INDUSTRIAL,ELECTRICAL COMPONENTS & EQUIP.,2017/12/08,Main Board
"Cirtek Holdings Philippines Corporation Preferred B-2 Subseries ``B`` Shares",TCB2B,INDUSTRIAL,ELECTRICAL COMPONENTS & EQUIP.,2021/02/02,Main Board
"Cirtek Holdings Philippines Corporation Preferred B-2 Subseries C Shares",TCB2C,INDUSTRIAL,ELECTRICAL COMPONENTS & EQUIP.,2021/12/14,Main Board
"Cirtek Holdings Philippines Corporation Preferred B-2 Subseries D Shares",TCB2D,INDUSTRIAL,ELECTRICAL COMPONENTS & EQUIP.,2021/12/14,Main Board
"Cirtek Holdings Philippines Corporation",TECH,INDUSTRIAL,ELECTRICAL COMPONENTS & EQUIP.,2011/11/18,Main Board
"Cirtek Holdings Philippines Corporation Bonus Detachable Warrants",,,,2021/08/16,Main Board
"PLDT Inc.",TEL,SERVICES,TELECOMMUNICATIONS,1953/09/17,Main Board
"PTFC Redevelopment Corporation",TFC,PROPERTY,PROPERTY,1955/12/19,Main Board
"Top Frontier Investment Holdings, Inc.",TFHI,HOLDING FIRMS,HOLDING FIRMS,2014/01/13,Main Board
"PLDT Inc. Convertible Preferred Shares Series ``II``",TLII,SERVICES,TELECOMMUNICATIONS,2014/10/15,Main Board
"PLDT Inc. Convertible Preferred Shares Series ``JJ``",TLJJ,SERVICES,TELECOMMUNICATIONS,2016/01/21,Main Board
"Harbor Star Shipping Services, Inc.",TUGS,SERVICES,TRANSPORTATION SERVICES,2013/10/30,Main Board
"Union Bank of the Philippines",UBP,FINANCIALS,BANKS,1992/06/29,Main Board
"Uniholdings Inc.",UNH,INDUSTRIAL,CHEMICALS,1985/11/21,Main Board
"United Paragon Mining Corporation",UPM,MINING & OIL,MINING,1972/08/31,Main Board
"Upson International Corp.",UPSON,SERVICES,RETAIL,2023/04/03,Main Board
"Universal Robina Corporation",URC,INDUSTRIAL,FOOD, BEVERAGE & TOBACCO,1994/03/25,Main Board
"Vantage Equities, Inc.",V,FINANCIALS,OTHER FINANCIAL INSTITUTIONS,1993/03/30,Main Board
"Vitarich Corporation",VITA,INDUSTRIAL,FOOD, BEVERAGE & TOBACCO,1995/02/08,Main Board
"Vista Land & Lifescapes, Inc.",VLL,PROPERTY,PROPERTY,2007/06/25,Main Board
"Vista Land & Lifescapes, Inc. Series 2A Preferred Shares",VLL2A,PROPERTY,PROPERTY,2024/10/04,Main Board
"Vista Land & Lifescapes, Inc. Series 2B Preferred Shares",VLL2B,PROPERTY,PROPERTY,2024/10/04,Main Board
"Victorias Milling Company, Inc.",VMC,INDUSTRIAL,FOOD, BEVERAGE & TOBACCO,1993/11/15,Main Board
"VistaREIT, Inc.",VREIT,PROPERTY,PROPERTY,2022/06/15,Main Board
"Vivant Corporation",VVT,INDUSTRIAL,ELEC., ENERGY, POWER & WATER,1994/06/23,Main Board
"Philweb Corporation",WEB,SERVICES,CASINOS & GAMING,1969/12/08,Main Board
"Wellex Industries, Inc.",WIN,HOLDING FIRMS,HOLDING FIRMS,1958/01/09,Main Board
"Wilcon Depot, Inc.",WLCON,SERVICES,RETAIL,2017/03/31,Main Board
"Waterfront Philippines, Incorporated",WPI,SERVICES,HOTEL & LEISURE,1995/03/17,Main Board
"Xurpas Inc.",X,SME,SME,2014/12/02,SME Board
"NexGen Energy Corp.",XG,SME,SME,2024/07/16,SME Board
"Zeus Holdings, Inc.",ZHI,HOLDING FIRMS,HOLDING FIRMS,1991/07/15,Main Board
